{
    "accuracy": 37.17399597167969,
    "loss": 37.17399597167969
}