{
    "accuracy": 1777.1722412109375,
    "loss": 1778.263056887856
}