{
    "accuracy": 1755.734619140625,
    "loss": 1759.2764647278605
}