{
    "accuracy": 2.3277587890625,
    "loss": 2.3277587890625
}