{
    "accuracy": 1743.9154052734375,
    "loss": 2443.2926784467095
}